OTU	C1_WGSerr_r0.sorted.bam	C18_WGSerr_r0.sorted.bam	C19_WGSerr_r0.sorted.bam	C2_WGSerr_r0.sorted.bam	C20_WGSerr_r0.sorted.bam	C3_WGSerr_r0.sorted.bam	C4_WGSerr_r0.sorted.bam	C5_WGSerr_r0.sorted.bam	C6_WGSerr_r0.sorted.bam	C7_WGSerr_r0.sorted.bam	C8_WGSerr_r0.sorted.bam	C10_WGSerr_r0.sorted.bam	C9_WGSerr_r0.sorted.bam	C11_WGSerr_r0.sorted.bam	C12_WGSerr_r0.sorted.bam	C13_WGSerr_r0.sorted.bam	C14_WGSerr_r0.sorted.bam	C15_WGSerr_r0.sorted.bam	C16_WGSerr_r0.sorted.bam	C17_WGSerr_r0.sorted.bam
GCF_000017745.1_ASM1774v1_genomic.fna	0	0	0	0	0	0	0	0	0	0	0	0	0	0	0	0	0	0	0	0
GCF_000027125.1_ASM2712v1_genomic.fna	0	0	0	0	0	0	0	0	0	0	0	0	0	0	0	0	0	0	0	0
GCF_000158395.1_ASM15839v1_genomic.fna	0	0	0	0	0	0	0	0	0	0	0	0	0	0	0	0	0	0	0	0
GCF_000163175.1_ASM16317v1_genomic.fna	0	0	0	0	0	0	0	0	0	0	0	0	0	0	0	0	0	0	0	0
GCF_000163195.1_ASM16319v1_genomic.fna	0	0	0	0	0	0	0	0	0	0	0	0	0	0	0	0	0	0	0	0
GCF_000167875.1_ASM16787v1_genomic.fna	0	0	0	0	0	0	0	0	0	0	0	0	0	0	0	0	0	0	0	0
GCF_000167915.2_ASM16791v2_genomic.fna	0.054809	0.007067	0.002217	0.040228	0	0.039966	0.038705	0.040347	0.033389	0.031845	0.037031	0.028245	0.028842	0.026199	0.023798	0.017602	0.026629	0.022345	0.012018	0.012707
GCF_000176555.2_ASM17655v2_genomic.fna	0	0	7.5e-05	0	0	0	0	0	0	0	0	0	0	0	0	0	0	0	0	0
GCF_000176575.2_ASM17657v2_genomic.fna	0	0	0	0	0	0	0	0	0	0	0	0	0	0	0	0	0	0	0	0
GCF_000176615.2_ASM17661v2_genomic.fna	0	0	0	0	0	0	0	0	0	0	0	0	0	0	0	0	0	0	0	0
GCF_000176655.2_ASM17665v2_genomic.fna	0	0	0	0	0	0	0	0	0	0	0	0	0	0	0	0	0	0	0	0
GCF_000188855.1_ASM18885v2_genomic.fna	0	0	0	0	0	0	0	0	0	0	0	0	0	0	0	0	0	0	0	0
GCF_000190815.1_ASM19081v1_genomic.fna	0	0	0	0	0	0	0	0	0	0	0	0	0	0	0	0	0	0	0	0
GCF_000190835.1_ASM19083v1_genomic.fna	0	0	0	0	0	0	0	0	0	0	0	0	0	0	0	0	0	0	0	0
GCF_000190955.1_ASM19095v1_genomic.fna	0	0	0	0	0	0	0	0	0	0	0	0	0	0	0	0	0	0	0	0
GCF_000190995.1_ASM19099v1_genomic.fna	0	0	0	0	0	0	0	0	0	0	0	0	0	0	0	0	0	0	0	0
GCF_000193975.1_ASM19397v2_genomic.fna	0	0	0	0	0	0	0	0	0	0	0	0	0	0	0	0	0	0	0	0
GCF_000194415.1_ASM19441v2_genomic.fna	0	0	0	0	0	0	0	0	0	0	0	0	0	0	0	0	0	0	0	0
GCF_000194685.1_ASM19468v2_genomic.fna	0	0	0	0	0	0	0	0	0	0	0	0	0	0	0	0	0	0	0	0
GCF_000219515.1_ASM21951v2_genomic.fna	0	0	0	0	0	0	0	0	0	0	0	0	0	0	0	0	0	0	0	0
GCF_000225125.1_ASM22512v2_genomic.fna	0	0	0	0	0	0	0	0	0	0	0	0	0	0	0	0	0	0	0	0
GCF_000225205.1_ASM22520v2_genomic.fna	0	0	0	0	0	0	0	0	0	0	0	0	0	0	0	0	0	0	0	0
GCF_000234255.2_ASM23425v3_genomic.fna	0	0	0	0	0	0	0	0	0	0	0	0	0	0	0	0	0	0	0	0
GCF_000241995.1_Esch_coli_E101_V1_genomic.fna	0	0	0	0	0	0	0	0	0	0	0	0	0	0	0	0	0	0	0	0
GCF_000242015.1_Esch_coli_B093_V1_genomic.fna	0	0	0	0	0	0	0	0	0	0	0	0	0	0	0	0	0	0	0	0
GCF_000242055.1_Esch_coli_TA124_V1_genomic.fna	0	0	0	0	0	0	0	0	0	0	0	0	0	0	0	0	0	0	0	0
GCF_000249175.1_ASM24917v2_genomic.fna	0	0	0	0	0.000242	0	0	0	0	0	0	0	0	0	0	0	0	0	0	0
GCF_000249535.1_ASM24953v2_genomic.fna	0	0	0	0	0	0	0	0	0	0	0	0	0	0	0	0	0	0	0	0
GCF_000249715.1_ASM24971v2_genomic.fna	0	0	0	0	0	0	0	0	0	0	0	0	0	0	0	0	0	0	0	0
GCF_000250075.1_ASM25007v2_genomic.fna	0	0	0	0	0	0	0	0	0	0	0.002629	0	0	0	0	0	0	0	0	0
GCF_000250555.1_ASM25055v2_genomic.fna	0	0	0	0	0	0	0	0	0	0	0	0	0	0	0	0	0	0	0	0
GCF_000252805.1_ASM25280v2_genomic.fna	0	0	0	0	0	0	0	0	0	0	0	0	0	0	0.00472	0	0	0	0.000128	0
GCF_000258145.1_ASM25814v1_genomic.fna	0	0	0	0	0	0	0	0	0	0	0	0	0	0	0	0	0	0	0	0
GCF_000259135.1_ECAI27.hybrid.1_genomic.fna	0	0	0	0	0	0	0	0	0	0	0	0	0	0	0	0	0	0	0	0
GCF_000261145.1_Esch_coli_M919_V2_genomic.fna	0	0	0	0	0	0	0	0	0	0	0	0	0	0	0	0	0	0	0	0
GCF_000264095.1_ASM26409v1_genomic.fna	0	0	0	0	0	0	0	0	0	0	0	0	0	0	0	0	0	0	0	0
GCF_000264115.1_ASM26411v1_genomic.fna	0	0	0	0	0	0	0	0	0	0	0	0	0	0	0	0	0	0	0	0
GCF_000264215.1_ASM26421v1_genomic.fna	0	0	0	0	0	0	0	0	0	0	0	0	0	0	0	0	0	0	0	0
GCF_000264235.1_ASM26423v1_genomic.fna	0	0	0	0	0	0	0	0	0	0	0	0	0	0	0	0	0	0	0	0
GCF_000284495.1_ASM28449v1_genomic.fna	0	0	0	0	0	0	0	0	0	0	0.001169	0	0	0	0	0	0	0	0	0
GCF_000303635.1_ASM30363v1_genomic.fna	0	0	0	0	0	0	0	3.8e-05	0	0	0	0.000768	0	0	0	0	0	0	0	0
GCF_000326185.1_Esch_coli_KTE109_V1_genomic.fna	0	0	0	0	0	0	0	0	0	0	0	0	0	0	0	0	0	0	0	0
GCF_000326685.1_Esch_coli_KTE138_V1_genomic.fna	0	0	0	0	0	0	0	0	0	0	0	0	0	0	0	0	0	0	0	0
GCF_000332755.1_ASM33275v1_genomic.fna	0	0	0	0	0	0	0	0	0	0	0	0	0	0	0	0	0	0	0	0
GCF_000350845.1_Esch_coli_KTE28_V1_genomic.fna	0	0	0	0	0.000863	0	0	0	0	0	0	0	0	0	0	0	0	0	0	0
GCF_000351025.1_Esch_coli_KTE193_V1_genomic.fna	0	0	0	0	0	0	0	0	0	0	0	0	0	0	0	0	0	0	0	0
GCF_000351185.1_Esch_coli_KTE213_V1_genomic.fna	0	0	0	0	0	0	0	0	0	0	0	0	0	0	0	0	0	0	0	5e-06
GCF_000351325.1_Esch_coli_KTE233_V1_genomic.fna	0	0	0	0	0	0	0	0	0	0	0	0	0	0	0	0	0	0	0	0
GCF_000351345.1_Esch_coli_KTE234_V1_genomic.fna	0	0.000741	0	0	0	0	0.002427	0	0	0	0	0	0	0.006261	0.01568	0.00876	0.004525	0.005971	0.000382	0.00153
GCF_000351405.1_Esch_coli_KTE237_V1_genomic.fna	0	0	0	0	0	0	0	0	0	0	0	0	0	0	0	0	0	0	0	0
GCF_000351425.1_Esch_coli_KTE47_V1_genomic.fna	0	0	0	0	0	0	0	0	0	0	0	0	0	0	0	0	0	0	0.001521	0
GCF_000351505.1_Esch_coli_KTE55_V1_genomic.fna	0	5.2e-05	0	0	0	0	0	0	0	0	0	0	0	0	0	0	0.003167	0.001119	3e-06	0.000142
GCF_000351625.1_Esch_coli_KTE66_V1_genomic.fna	0	0	0	0	0	0	0	0	0	0	0	0	0	0	0	0	0	0	0	0
GCF_000351685.1_Esch_coli_KTE75_V1_genomic.fna	0	0	0	0	0	0	0	0	0	0	0	0	0	0	0	0	0	0	0	0
GCF_000352105.1_Esch_coli_KTE9_V1_genomic.fna	0	0	0	0	0	0	0	0	0	0	0	0	0	0	0	0	0	0	0	0
GCF_000352245.1_Esch_coli_KTE29_V1_genomic.fna	0	0	0	0	0	0	0	0	0	0	0	0	0	0.000546	0.001622	0.000263	0.003419	0.000199	0	0.000427
GCF_000352305.1_Esch_coli_KTE48_V1_genomic.fna	0	0	0	0	0	0	0	0	0	0	0	0	0	0	0	0	0	0	0	0
GCF_000352425.1_Esch_coli_KTE78_V1_genomic.fna	0	0	0	0	0	0	0	0	0	0	0	0	0	0	0	0	0	0	0	0.000235
GCF_000352465.1_Esch_coli_KTE84_V1_genomic.fna	0	0	0.000639	0	0	0	0	0	0	0	0	0	0	0	0	0	0	0	0	0
GCF_000352525.1_Esch_coli_KTE115_V1_genomic.fna	0	0	0	0	0	0	0	0	0	0	0	0	0	0	0	0	0	0	0	0
GCF_000352585.1_Esch_coli_KTE135_V1_genomic.fna	0	0	0	0	0	0	0	0	0	0	0	0	0	0	0	0	0	0	0	0
GCF_000352665.1_Esch_coli_KTE144_V1_genomic.fna	0	0	0	0	0	0	0	0	0	0	0	0	0	0	0	0	0	0	0	0
GCF_000352685.1_Esch_coli_KTE146_V1_genomic.fna	0	0	0	0	0	0	0	0	0	0	0	0	0	0	0	0	0	0	0	0
GCF_000352925.1_Esch_coli_KTE196_V1_genomic.fna	0	0	0	0	0	0	0	0	0	0	0	0	0	0	0	0	0	0	0	0
GCF_000354795.1_ASM35479v1_genomic.fna	0	0	0	0	0	0	0	0	0	0	0	0	0	0	0	0	0	0	0	0
GCF_000354915.1_ASM35491v1_genomic.fna	0.631495	0.072243	0.029051	0.612905	0	0.579995	0.546111	0.50673	0.489858	0.437446	0.415033	0.338905	0.37023	0.314227	0.285854	0.252963	0.217182	0.170708	0.149856	0.099712
GCF_000355075.1_ASM35507v1_genomic.fna	0	0	0	0	0	0	0	0	0	0	0	0	0	0	0	0	0	0	0	0
GCF_000355095.1_ASM35509v1_genomic.fna	0	0	0	0	0	0	0	0	0	0	0	0	0	0	0	0	0	0	0	0
GCF_000355315.1_ASM35531v1_genomic.fna	0	0	0	0	0	0	0	0	0	0	0	0	0	0	0	0	0	0	0.002747	0
GCF_000355435.1_ASM35543v1_genomic.fna	0	0	0	0	0	0	0	0	0	0	0	0	0	0	0	0	0	0	0	0
GCF_000355515.1_ASM35551v1_genomic.fna	0	0	0	0	0	0	0	0	0	0	0	0	0	0	0	0	0	0	0	0
GCF_000355575.1_ASM35557v1_genomic.fna	0	0	0	0	0	0	0	0	0	0	0	0	0	0	0	0	0	0	0	0
GCF_000356045.1_ASM35604v1_genomic.fna	0	0	0	0	0	0	0	0	0	0	0	0	0	0	0	0	0	0	0	0
GCF_000356165.1_ASM35616v1_genomic.fna	0	0	0.000656	0	0	0	0	0	0.000982	0	0	0	0	0	0	0.001153	0	0	0	0
GCF_000356665.1_ASM35666v1_genomic.fna	0	0	0	0	0	0	0	0	0	0	0	0	0	0.000182	0	0	0	0	0	0
GCF_000357245.1_ASM35724v1_genomic.fna	0	0	0	0	0	0	0	0	0	0	0	0	0	0	0	0	0	0	0	0
GCF_000357885.1_ASM35788v1_genomic.fna	0	0	0	0	0	0	0	0	0	0	0	0	0	0	0	0	0	0	0	0
GCF_000359095.1_ASM35909v1_genomic.fna	0	0	0	0	0	0	0	0	0	0	0	0	0	0	0	0	0	0	0	0
GCF_000397565.1_Ec72_E1F3_TOP2396-3_120714_genomic.fna	0	0	0	0	0	0	0	0	0	0	0	0	0	0	0	0	0	0	0	0
GCF_000397725.1_Ec72_E1U1_TOP2386_MIRA_120724_genomic.fna	0.144458	0.018913	0.01368	0.136537	0	0.137143	0.125476	0.125625	0.13911	0.132114	0.096563	0.084028	0.097685	0.072482	0.072846	0.065267	0.050958	0.049007	0.03123	0.019541
GCF_000398885.1_Esch_coli_KTE33_V1_genomic.fna	0	0	0	0	0	0	0	0	0	0	0	0	0	0	0	0	0	0	0	0
GCF_000407825.1_Esch_coli_KTE19_V1_genomic.fna	0	0.000194	0	0	0	0	0	0	0	0	0	0	0	0	0	0	0	0	0	0
GCF_000408045.1_Esch_coli_KTE41_V1_genomic.fna	0	0	0	0	0	0	0	0	0	0	0	0	0	0	0	0	0	0	0	0
GCF_000408085.1_Esch_coli_KTE185_V1_genomic.fna	0	0	0	0	0.00097	0	0	0	0	0	0	0	0	0	0	0	0	0	0	0
GCF_000408345.1_Esch_coli_KTE61_V1_genomic.fna	0	0	0	0	0	0	0	0	0	0	0	0	0	0	0	0	0	0	0	0
GCF_000408465.1_Esch_coli_KTE73_V1_genomic.fna	0.009312	0.002619	0.001211	0.009701	0	0.003212	0.01646	0.011115	0	0.001903	0.002973	0.001101	0.006603	0.002813	0.004608	0.001683	0.005685	0.009671	0.011021	0.007019
GCF_000408545.1_Esch_coli_KTE98_V1_genomic.fna	0	0	0	0	0	0	0	0	0	0	0	0	0	0	0	0	0	0	0	0
GCF_000408565.1_Esch_coli_KTE100_V1_genomic.fna	0.0339	0	0	0.03574	0	0.031543	0.018247	0.02331	0.022793	0.023253	0.017432	0.02351	0.020903	0.015314	0.001648	0.003667	0.005368	0	0.001424	0
GCF_000408585.1_Esch_coli_KTE102_V1_genomic.fna	0	0	0	0	0	0	0	0	0	0	0	0	0	0	0	0	0	0	0	0
GCF_000408645.1_Esch_coli_KTE108_V1_genomic.fna	0	0	0	0	0	0	0	0	0	0	0	0	0	0	0	0	0	0	0	0
GCF_000410675.1_ASM41067v1_genomic.fna	0	0	0	0	0	0	0	0	0	0	0	0	0	0	0	0	0	0	0	0
GCF_000418595.1_E_coliMC6003-1.0_genomic.fna	0	0	0	0	0	0	0	0	0	0	0	0	0	0	0	0	0	0	0	0
GCF_000446345.1_ASM44634v1_genomic.fna	0	0	0	0	0	0	0	0	0	0	0	0	0	0	0.002994	0	0	0	0	0
GCF_000446465.1_ASM44646v1_genomic.fna	0	0	0	0	0	0	0	0	0	0	0	0	0	0	0	0	0	0	0	0
GCF_000446525.1_ASM44652v1_genomic.fna	0	0	0	0	0	0	0	0	0	0	0	0	0	0	0	0.000116	0	0	0	0
GCF_000446785.1_ASM44678v1_genomic.fna	0	0.000828	0	0	0	0	0	0	0	0	0	0	0	0.001197	0	0	0.002	0.001985	0	0.000477
GCF_000446905.1_ASM44690v1_genomic.fna	0	0	0	0	0	0	0	0	0	0	0	0	0	0	0	0	0	0	0	0
GCF_000447125.1_ASM44712v1_genomic.fna	0	0	0	0	0	0	0	0	0	0	0	0	0	0	0	0	0	0	0	0.000664
GCF_000447145.1_ASM44714v1_genomic.fna	0	0	0	0	0	0	0	0	0	0	0	0	0	0	0	0	0	0	0	0
GCF_000456345.1_Esch_coli_HVH_24_4-5985145_V1_genomic.fna	0	0.001594	0.000688	0	0	0	0	0	0	0	0	0	0	0	0	0	0	0.001975	0	0.00584
GCF_000456705.1_Esch_coli_HVH_44_4-2298570_V1_genomic.fna	0	0	0	0	0	0	0	0	0	0	0	0	0	0	0	0	0	0	0	0
GCF_000457285.1_Esch_coli_HVH_90_4-3191362_V1_genomic.fna	0	0	0	0	0	0	0	0	0	0	0	0	0	0	0	0	0	0	0	0
GCF_000458195.1_Esch_coli_HVH_147_4-5893887_V1_genomic.fna	0	0	0	0	0	0	0	0	0	0	0	0	0	0	0	0	0	0	0	0
GCF_000458315.1_Esch_coli_HVH_155_4-4509048_V1_genomic.fna	0	0	0	0	0	0	0	0	0	0	0	0	0	0	0	0	0	0	0	0
GCF_000458915.1_Esch_coli_HVH_193_4-3331423_V1_genomic.fna	0	0	0	0	0	0	0	0	0	0	0	0	0	0	3.2e-05	0	0	0	0	0
GCF_000458935.1_Esch_coli_HVH_194_4-2356805_V1_genomic.fna	0	0	0	0	0	0	0	0	0	0.000595	0	0	0	0	0	0	0	0	0	0
GCF_000459315.1_Esch_coli_HVH_213_4-3042928_V1_genomic.fna	0	0	0	0	0	0	0	0	0	0	0.001025	0	0	0	0	0	0	0	0	0.000816
GCF_000459675.1_Esch_coli_KOEGE_40_102a_V1_genomic.fna	0	0	0	0	0	0	0	0	0	0	0	0	0	0	0	0	0	0	0	0
GCF_000459855.1_Esch_coli_KOEGE_71_186a_V1_genomic.fna	0	0	0	0	0	0	0	0	0	0	0	0	0	0	0	0	0	0	0	0
GCF_000460035.1_Esch_coli_UMEA_3052-1_V1_genomic.fna	0	0	0	0	0	0	0	0	0	0	0.002618	0	0	0	6e-06	0	0.000824	0	1.5e-05	0.001443
GCF_000460155.1_Esch_coli_UMEA_3108-1_V1_genomic.fna	0	0.002139	8.9e-05	0	0	0	0	0	0	0	0	0	0	0	0	0	0	0	0	0
GCF_000460255.1_Esch_coli_UMEA_3124-1_V1_genomic.fna	0	0	0	0	0	0	0	0	0	0	0	0	0	0	0	0	0	0	0.000156	0
GCF_000460395.1_Esch_coli_UMEA_3155-1_V1_genomic.fna	0	0	0	0	0	0	0	0	0	0	0	0	0	0	0	0	0	0	0	0
GCF_000460575.1_Esch_coli_UMEA_3175-1_V1_genomic.fna	0	0	0	0	8.3e-05	0	0	0	0	0	0	0	0	0	0	0	0	0	0	0
GCF_000460735.1_Esch_coli_UMEA_3200-1_V1_genomic.fna	0	0	0	0	0	0	0	0	0	0	0	0	0	0	0	0	0	0	0	0
GCF_000460755.1_Esch_coli_UMEA_3201-1_V1_genomic.fna	0	0	0	0	0	0	0	0	0	0	0	0	0	0	0	0	0	0	0	0
GCF_000460935.1_Esch_coli_UMEA_3221-1_V1_genomic.fna	0	0	0	0	0	0	0	0	0	0	0	0	0	0	0	0	0	0.000199	0	0
GCF_000461475.1_Esch_coli_UMEA_3656-1_V1_genomic.fna	0	0	0	0	0	0	0	0	0	0	0	0	0	0	0	0	0	0	0.001897	0
GCF_000461615.1_Esch_coli_UMEA_3703-1_V1_genomic.fna	0	0	0	0	0	0	0	0	0	0	0	0	0	0	0	0	0	0	0	0
GCF_000461675.1_Esch_coli_UMEA_3718-1_V1_genomic.fna	0	0	0	0	0	0	0	0	0	0	0	0	0	0	0	0	0	0	0	0
GCF_000461695.1_Esch_coli_UMEA_3805-1_V1_genomic.fna	0	0.001204	0	0	0	0	0	0	0	0	0	0	0	0.000404	0	0	0	0	0	0
GCF_000461855.1_Esch_coli_UMEA_4076-1_V1_genomic.fna	0	0.001121	0	0	0	0	0	0	0	0	0	0	0	0	0	0	0	0	0	0
GCF_000485655.1_ASM48565v1_genomic.fna	0	0	0	0	0	0	0	0	0	0	0	0	0	0	0	0	0	0	0	0
GCF_000488015.1_Esch_coli_HVH_50_4-2593475_V1_genomic.fna	0.010627	0.000862	0	0.004579	0	0.006209	0.009895	0.006167	0.000782	0.000617	0.008568	0.01036	0.005746	0.001087	0.001835	0	0	0	0	0
GCF_000488095.1_Esch_coli_UMEA_3290-1_V1_genomic.fna	0.032798	0.883457	0.940678	0.079533	0.996735	0.12954	0.178044	0.221969	0.265561	0.3154	0.361845	0.46051	0.415159	0.511701	0.557696	0.61348	0.667318	0.725264	0.771243	0.830707
GCF_000488355.1_ASM48835v1_genomic.fna	0	0	0	0	0	0	0	0	0	0	0	0	0	0	0	0	0	0	0	0
GCF_000488415.1_ASM48841v1_genomic.fna	0	0	0	0	0	0	0	0	0	0	0	0	0	0	0	0	0	0	0	0
GCF_000492655.1_Esch_coli_BWH_32_V1_genomic.fna	0	0	0	0	0	0	0	0	0	0	0	0	0	0	0	0	0	0	0	0
GCF_000500895.1_GSK202B_genomic.fna	0	0	0.00338	0	0	0	0	0	0.001945	0	0.002151	0.003081	0.002536	0.001804	0	0	0	0	0.003642	0
GCF_000503455.1_Ecoli435_genomic.fna	0	0	0	0	0	0	0	0	0	0	0	0	0	0	0	0	0	0	0	0
GCF_000503615.1_Ecoli87A_genomic.fna	0	0	0	0	0	0	0	0	0	0	0	0	0	0	0	0	0	0	0	0
GCF_000503655.1_Ecoli1047_genomic.fna	0	0	0	0	0	0	0	0	0	0	0	0	0	0	0	0	0	0	0	0
GCF_000506485.1_WGS_Escherichia_coli_EC9_genomic.fna	0	0	0	0	0	0	0	0	0	0	0	0	0	0	0	0	0	0	0	0
GCF_000511445.1_EcoliFAH2_genomic.fna	0	0	0	0	0	0	0	0	0	0	0	0	0	0	0	0	0	0	0	0
GCF_000511525.1_EcoliFBP1_genomic.fna	0	0	0	0	0	0	0	0	0	0	0	0	0	0	0	0	0	0	0	0
GCF_000599665.1_ASM59966v1_genomic.fna	0	0	0	0	0	0	0	0	0	0	0	0	0	0	0	0	0	0	0	0
GCF_000601195.1_ASM60119v1_genomic.fna	0	0	0	0	0	0	0	0	0	0	0	0	0	0	0	0	0	0	0	0
GCF_000614465.1_Ec99-3124_genomic.fna	0	0	0	0	0	0	0	0	0	0	0	0	0	0	0	0	0	0	0	0
GCF_000617045.1_Ec04-3023_genomic.fna	0	0	0.000778	0	0	0	0	0	0	0	0	0	0	0	0	0	0	0	0	0
GCF_000617165.1_Ec02-3404_genomic.fna	0	0	0	0	0	0	0	0	0	0	0	0	0	0	0	0	0	0	0	0
GCF_000617365.1_Ec06-3501_genomic.fna	0	0	0	0	0	0	0	0	0	0	0	0	0	0	0	0	0	0	0	0
GCF_000617585.1_Ec2010C-4874_genomic.fna	0	0	0	0	0	0	0	0	0	0	0	0	0	0	0	0	0	0	0	0
GCF_000618705.1_EcK5198_genomic.fna	0	0	0	0	0	0	0	0	0	0	0	0	0	0	0	0	0	0	0	0
GCF_000619245.1_Ec2009C-3299_genomic.fna	0	0	0	0	0	0	0	0	0	0	0	0	0	0	0	0	0	0	0	0
GCF_000619725.1_Ec2009C-3227_genomic.fna	0	0	0	0	0	0	0	0	0	0	0	0	0	0	0	0	0	0	0	0
GCF_000627075.1_ASM62707v1_genomic.fna	0	0	0	0	0	0	0	0	0	0	0	0	0	0	0	0	0	0	0	0
GCF_000647455.1_02-04446_clc_bio_denovo_genomic.fna	0	0	0	0	0	0	0	0	0	0	0	0	0	0	0	0	0	0	0	0
GCF_000647475.1_I-151_clc_bio_denovo_genomic.fna	0	0	0	0	0	0	0	0	0	0	0	0	0	0	0	0	0	0	0	0
GCF_000647795.1_ASM64779v2_genomic.fna	0	0	0	0	0	0	0	0	0	0	0	0	0	0	0	0	0	0	0	0
GCF_000687125.1_ASM68712v1_genomic.fna	0	0	0	0	0	0	0	0	0	0	0	0	0	0	0	0	0	0	0	0
GCF_000690945.1_S7438_genomic.fna	0	0	0	0	0	0	0	0	0	0	0	0	0	0	0	0	0	0.00017	0	0
GCF_000692735.1_Esch_coli_CHS_77_V1_genomic.fna	0	0	0	0	0	0	0	0	0	0	0	0	0	0	0	0	0	0	0	0
GCF_000692835.1_Esch_coli_UCI_57_V1_genomic.fna	0	0	0	0	0	0	0	0	0	0	0	0	0	0	0	0	0	0	0	0
GCF_000695175.1_EcoliMI10-01v1_genomic.fna	0	0	0	0	0	0	0	0	0	0	0	0	0	0	0	0	0	0	0	0
GCF_000700365.1_ASM70036v1_genomic.fna	0	0	0	0	0	0	0	0	0	0	0	0	0	0	0	0	0	0	0	0
GCF_000700485.1_ASM70048v1_genomic.fna	0	0	0	0	0	0	0	0	0	0	0	0	0	0	0	0	0	0	0	0
GCF_000701105.1_ASM70110v1_genomic.fna	0	0	0	0	0	0	0	0	0	0	0	0	0	0	0	0	0	0	0	0
GCF_000703345.1_Ec2011C-3317_genomic.fna	0	0	0	0	0	0	0	0	0	0	0	0	0	0	0	0	0	0	0	0.00534
GCF_000703385.1_ASM70338v1_genomic.fna	0	0	0	0	0	0	0	0	0	0	0	0	0	0	0	0	0	0	0	0
GCF_000703505.1_ASM70350v1_genomic.fna	0.027503	0	0	0.019983	0	0.012287	0.02007	0.01427	0.0058	0.017151	0.010753	0.019121	0.007335	0.007583	0.010036	0.008089	0	0	0	0
GCF_000703525.1_ASM70352v1_genomic.fna	0	0	0	0	0	0	0	0	0	0	0	0	0	0	0	0	0	0	0	0
GCF_000703585.1_ASM70358v1_genomic.fna	0	0	0	0	0	0	0	0	0	0	0	0	0	0	0	0	0	0	0	0
GCF_000703625.1_ASM70362v1_genomic.fna	0	0	0	0	0	0	0	0	0	0	0	0	0	0	0	0	0	0	0	0
GCF_000703725.1_ASM70372v1_genomic.fna	0	0	0	0	0	0	0	0	0	0	0	0	0	0	0	0	0	0	0	0
GCF_000703785.1_ASM70378v1_genomic.fna	0	0	0	0	0	0	0	0	0	0	0	0	0	0	0	0	0	0	0	0
GCF_000703805.1_ASM70380v1_genomic.fna	0	0	0	0	0	0	0	0	0	0	0	0	0	0	0	0	0	0	0	0
GCF_000704005.1_ASM70400v1_genomic.fna	0	0	0	0	0	0	0	0	0	0	0	0	0	0	0	0	0	0	0	0
GCF_000704045.1_ASM70404v1_genomic.fna	0	0	0	0	0	0	0	0	0	0	0	0	0	0	0	0	0	0	0	0
GCF_000704385.1_ASM70438v1_genomic.fna	0	0	0	0	0	0	0	0	0	0	0	0	0	0	0	0	0	0	0	0
GCF_000704805.1_ASM70480v1_genomic.fna	0	0	0	0	0	0	0	0	0	0	0	0	0	0	0	0	0	0	0	0
GCF_000704845.1_ASM70484v1_genomic.fna	0	0	0	0	0	0	0	0	0	0	0	0	0	0	0	0	0	0	0	0
GCF_000704945.1_ASM70494v1_genomic.fna	0	0	0	0	0	0	0	0	0	0	0	0	0	0	0	0	0	0	0	0
GCF_000708145.1_E_coli_EC1.contigs_genomic.fna	0	0	0	0	0	0	0	0	0	0	0	0	0	0	0	0	0	0	0	0
GCF_000713095.1_ASM71309v1_genomic.fna	0	0	0	0	0	0	0	0	0	0	0	0	0	0	0	0	0	0	0	0
GCF_000713395.1_ASM71339v1_genomic.fna	0.012456	0	0	0.014487	0	0.015779	0.011322	0.011873	0.005916	0.004801	7.4e-05	0.002209	0.002842	9e-05	0	0	0.001313	0	0	0
GCF_000713415.1_ASM71341v1_genomic.fna	0	0	0	0	0	0	0	0	0	0	0	0	0	0	0	0	0	0	0	0
GCF_000713425.1_ASM71342v1_genomic.fna	0	0	0	0	0	0	0	0	0	0	0	0	0	0	0	0	0	0	0	0
GCF_000714975.1_JA65_HGAP2_genomic.fna	0	0	0	0	0	0	0	0	0	0	0	0	0	0	0	0	0	0	0	0
GCF_000725265.1_ASM72526v1_genomic.fna	0	0	0	0	0	0	0	0	0	0	0	0	0	0	0	0	0	0	0	0
GCF_000731355.1_V1_genomic.fna	0	0	0	0	0	0	0	0	0	0	0	0	0	0	0	0	0	0	0	0
GCF_000736735.1_ASM73673v1_genomic.fna	0	0	0	0	0	0	0	0	0	0	0	0	0	0	0	0	0	0	0	0
GCF_000752255.1_FHI60_genomic.fna	0	0	0	0	0	0	0	0	0	0	0	0	0	0	0	0	0	0	0	0
GCF_000752855.1_FHI19_genomic.fna	0	0	0	0	0	0	0	0	0	0	0	0	0	0	0	0	0	0	0	0
GCF_000753115.1_FHI45_genomic.fna	0	0	0	0	0	0	0	0	0	0	0	0	0	0	0	0	0	0	0	0
GCF_000753535.1_FHI54_genomic.fna	0	0	0	0	0	0	0	0	0	0	0	0	0	0	0	0	0	0	0	0
GCF_000754865.1_ASM75486v1_genomic.fna	0	0	0.000247	0	0	0	0	0	0	0	0	0	0	0	0	0	0	0	0	0
GCF_000776045.1_ASM77604v1_genomic.fna	0	0	0	0	0	0	0	0	0	0	0	0	0	0	0	0	0	0	0	0
GCF_000776065.1_ASM77606v1_genomic.fna	0	0.000175	7.6e-05	0	0	0	0	0	0	0	0	0	0	0	0	0	0	0	0	0
GCF_000776435.1_ASM77643v1_genomic.fna	0	0	0	0	0	0	0	0	0	0	0	0	0	0	0	0	0	0	0	0
GCF_000776815.1_ASM77681v1_genomic.fna	0	0.000376	0	0	0	0	0	0	0	0	0	0	0	0	0	0	0	0	0	0
GCF_000776915.1_ASM77691v1_genomic.fna	0	0	0	0	0	0	0	0	0	0	0	0	0	0	0	0	0	0	0	0
GCF_000777065.1_ASM77706v1_genomic.fna	0	0	0	0	0	0	0	0	0	0	0	0	0	0.001138	0	0	0	0.000261	0	0
GCF_000777095.1_ASM77709v1_genomic.fna	0	0	0	0	0	0	0	0	0	0	0	0	0	0	0	0	0	0	0	0
GCF_000777195.1_ASM77719v1_genomic.fna	0	0.000709	3.5e-05	0	0	0	0	0	0	0	0	0	0	0	0	0	0	0	0	0
GCF_000777265.1_ASM77726v1_genomic.fna	0	0	0	0	0	0	0	0	0	0	0	0	0	0	0	0	0	0	0	0
GCF_000777285.1_ASM77728v1_genomic.fna	0	0	0	0	0	0	0	0	0	0	0	0	0	0	0	0	0	0	0	0
GCF_000777325.1_ASM77732v1_genomic.fna	0	0	0	0	0	0	0	0	0	0	0	0	0	0	0	0	0	0	0	0
GCF_000777355.1_ASM77735v1_genomic.fna	0	0	0.000284	0	0	0	0	0	0	0	0	0	0	0	0	0	0	0	0.001252	0
GCF_000777515.1_ASM77751v1_genomic.fna	0	0	0	0	0	0	0	0	0	0	0	0	0	0	0	0	0	0	0	0
GCF_000778285.1_ASM77828v1_genomic.fna	0.031376	0	0.002769	0.036735	0	0.036785	0.021124	0.029778	0.026534	0.019204	0.016372	0.021032	0.019873	0.021727	0.013081	0.017983	0.009434	0.000738	0.003855	0.006196
GCF_000778785.1_ASM77878v1_genomic.fna	0	0	0	0	0	0	0	0	0	0	0	0	0	0	0	0	0	0	0	0
GCF_000779175.1_ASM77917v1_genomic.fna	0	0	0	0	0	0	0	0	0	0	0	0	0	0	0	0	0	0	0	0
GCF_000779215.1_ASM77921v1_genomic.fna	0	0	0	0	0	0	0	0	0	0	0.000296	0.001952	0	0	0	0.003127	0.000184	0	0	0
GCF_000779295.1_ASM77929v1_genomic.fna	0	0	0	0	0	0	0	0	0	0	0	0	0	0	0	0	0	0	0	0
GCF_000779915.1_ASM77991v1_genomic.fna	0	0	0	0	0	0	0	0	0	0	0	0	0	0	0	0	0	0	0	0
GCF_000780315.1_ASM78031v1_genomic.fna	0	0	0	0	0	0	0	0	0	0	0	0	0	0	0	0	0	0	0	0
GCF_000781115.1_ASM78111v1_genomic.fna	0	0	0	0	0	0	0	0	0	0	0	0	0	0	0	0	0	0	0	0
GCF_000781255.1_ASM78125v1_genomic.fna	0	1.8e-05	0	0	0	0	0	0	0	0	0	0	0	0	0	0	0	0	0.000762	0.001798
GCF_000781275.1_ASM78127v1_genomic.fna	0	0	0	0	0	0	0	0	0	0	0	0	0	0	0	0	0	0	0	0
GCF_000781295.1_ASM78129v1_genomic.fna	0	0	0	0	0.001107	0	0.000406	0	0	0.002071	0.001253	0	0.002081	0.00016	0	0	0	4.7e-05	0	0
GCF_000781375.1_ASM78137v1_genomic.fna	0	0	0	0	0	0	0	0	0	0	0	0	0	0	0	0	0	0	0	0
GCF_000781435.1_ASM78143v1_genomic.fna	0	0	0	0	0	0	0	0	0	0	0	0	0	0	0	0	0	0	0	0
GCF_000781755.1_ASM78175v1_genomic.fna	0	0.000881	0	0	0	0	0.000142	0	0	0	0.002187	0	0	0	0	0	0	0	0.000694	0
GCF_000782015.1_ASM78201v1_genomic.fna	0	0	0	0	0	0	0	0	0	0	0	0	0	0	0	0	0	0	0	0
GCF_000782095.1_ASM78209v1_genomic.fna	0	0	0	0	0	0	0	0	0	0	0	0	0	0	0	0	0	0	0	0
GCF_000782115.1_ASM78211v1_genomic.fna	0	0	0	0	0	0	0	0	0	0	0	0	0	0	0	0	0	0	0	0
GCF_000782155.1_ASM78215v1_genomic.fna	0	0	0	0	0	0	0	0	0	0	0	0	0	0	0	0	0	0	0	0
GCF_000782215.1_ASM78221v1_genomic.fna	0	0	0	0	0	0	0	0	0	0	0	0	0	0	0	0	0	0.000118	0	0
GCF_000782275.1_ASM78227v1_genomic.fna	0	0	0	0	0	0	0	0	0	0	0	0	0	0	0	0	0	0	0	0
GCF_000782335.1_ASM78233v1_genomic.fna	0	0	0	0.000562	0	0.001205	0	0.00043	0.004311	0	0.002935	0	0.00163	0.003429	0	0.000245	0	0	0	0
GCF_000785235.1_ASM78523v1_genomic.fna	0	0	0	0	0	0	0	0	0	0	0	0	0	0	0	0	0	0	0	0
GCF_000785775.1_ASM78577v1_genomic.fna	0	0	0	0	0	0	0	0	0	0	0	0	0	0	0	0	0	0	0	0
GCF_000797575.1_Escherichia_coli_CVM_N37067PS_v._1.0_genomic.fna	0	0	0	0	0	0	0	0	0	0	0	0	0	0	0	0	0	0	0	0
GCF_000797655.1_Escherichia_coli_CVM_N36401PS_v._1.0_genomic.fna	0	0	0	0	0	0	0	0	0	0	0	0	0	0	0	0	0	0	0	0
GCF_000797775.1_Escherichia_coli_CVM_N34322PS_v._1.0_genomic.fna	0	0	0	0	0	0	0	0	0	0	0	0	0	0	0	0	0	0	0	0
GCF_000797975.1_Escherichia_coli_CVM_N36609PS_v._1.0_genomic.fna	0	0	0	0	0	0	0	0	0	0	0	0	0	0	0	0	0	0	0	0
GCF_000798015.1_Escherichia_coli_CVM_N34351PS_v._1.0_genomic.fna	0	0	0	0	0	0	0	0	0	0	0	0	0	0.000819	0	0	0	0	0	0
GCF_000798035.1_Escherichia_coli_CVM_N34352PS_v._1.0_genomic.fna	0	0	0	0	0	0	0	0	0	0	0	0	0	0	0	0	0	0	0	0
GCF_000798355.1_Escherichia_coli_CVM_N33707PS_v._1.0_genomic.fna	0	0	0	0	0	0	0	0	0	0	0	0	0	0	0	0	0	0	0	0
GCF_000798375.1_Escherichia_coli_CVM_N38826PS_v._1.0_genomic.fna	0	0	0	0	0	0	0	0	0	0	0	0	0	0	0	0	0	0	0	0
GCF_000798555.1_Escherichia_coli_CVM_N36903PS_v._1.0_genomic.fna	0	0	0	0	0	0	0	0	0	0	0	0	0	0	0	0	0	0	0	0
GCF_000801165.1_ASM80116v1_genomic.fna	0	0	0	0	0	0	0	0	0	0	0	0	0	0	0	0	0	0	0	0
GCF_000801185.1_ASM80118v1_genomic.fna	0	0	0	0	0	0	0	0	0	0	0	0	0	0	0	0	0	0	0	0
GCF_000804365.1_ASM80436v1_genomic.fna	0	0	0	0	0	0	0	0	0	0	0	0	0	0	0	0	0	0	0	0
GCF_000805835.1_ASM80583v1_genomic.fna	0	0	0	0	0	0	0	0	0	0	0	0	0	0	0	0	0	0	0	0
GCF_000812255.1_ASM81225v1_genomic.fna	0	0	0	0	0	0	0	0	0	0	0	0	0	0	0	0	0	0	0	0
GCF_000812305.1_ASM81230v1_genomic.fna	0	0	0	0	0	0	0	0	0	0	0	0	0	0	0	0	0	0	0	0
GCF_000812725.1_ASM81272v1_genomic.fna	0	0	0	0	0	0	0	0	0	0	0	0	0	0	0	0	0	0	0	0
GCF_000812765.1_ASM81276v1_genomic.fna	0	0	0	0	0	0	0	0	0	0	0	0	0	0	0	0	0	0	0	0
GCF_000812785.1_ASM81278v1_genomic.fna	0	0	0	0	0	0	0	0	0	0	0	0	0	0	0	0	0	0	0	0
GCF_000817375.1_Iso_11_A5_genomic.fna	0	0	0	0	0	0	0	0	0	0	0	0	0	0	0	0	0	0	0	0
GCF_000819005.1_Escherichia_coli_CVM_N33825PS_v1.0_genomic.fna	0	0	0	0	0	0	0	0	0	0	0	0	0	0	0	0	0	0	0	0
GCF_000819015.1_Escherichia_coli_CVM_N33978PS_v1.0_genomic.fna	0	0	0	0	0	0	0	0	0	0	0	0	0	0	0	0	0	0	0	0
GCF_000819165.1_Escherichia_coli_CVM_N35912PS_v1.0_genomic.fna	0	0	0	0	0	0	0	0	0	0	0	0	0	0	0	0	0.001868	0	0	0
GCF_000819185.1_Escherichia_coli_CVM_N36113PS_v1.0_genomic.fna	0	0	0	0	0	0	0	0	0	0	0	0	0	0	0	0	0	0	0	0
GCF_000819325.1_Escherichia_coli_CVM_N38381PS_v1.0_genomic.fna	0	0	0	0	0	0	0	0	0	0	0	0	0	0	0	0	0	0	0	0
GCF_000819355.1_Escherichia_coli_CVM_N33574PS_v1.0_genomic.fna	0	0	0	0	0	0	0.000299	0	0.003021	0.002558	0.004999	0	0.001845	0.002375	0	0	0	0	0	0
GCF_000819365.1_Escherichia_coli_CVM_N33653PS_v1.0_genomic.fna	0	0	0	0	0	0	0	0	0	0	0	0	0	0	0	0	0	0	0	0
GCF_000831565.1_ASM83156v1_genomic.fna	0	0	0	0	0	0	0	0	0	0	0	0	0	0	0	0	0	0	0	0
GCF_000932215.1_ASM93221v1_genomic.fna	0	0	0	0	0	0	0	0	0	0	0	0	0	0	0	0	0	0	0	0
GCF_000935475.1_ASM93547v1_genomic.fna	0	0	0	0	0	0	0	0	0	0	0	0	0	0	0	0	0	0	0	0
GCF_000936005.1_80B_L1_assembly_genomic.fna	0	0	0	0	0	0	0	0	0	0	0	0	0	0	0	0	0	0	0	0
GCF_000937135.1_FHI74_genomic.fna	0	0.001649	0	0	0	0	0	0	0	0	0	0	0	0	0	0	0	0	0	0
GCF_000937855.1_FHI23_genomic.fna	0	0	0	0	0	0	0	0	0	0	0	0	0	0	0	0	0	0	0	0
GCF_000939135.1_46A_L1_assembly_genomic.fna	0	0	0	0	0	0	0	0	0	0	0	0	0	0	0	0	0	0	0	0
GCF_000941195.1_57A_A8_assembly_genomic.fna	0	0	0	0	0	0	0	0	0	0	0	0	0	0	0	0.001674	0	0.000359	0	0
GCF_000943355.1_FHI42_genomic.fna	0	0	0	0	0	0	0.000677	0	0	0	0	0	0	0	0	0	0	0	0	0
GCF_000945615.1_FHI28_genomic.fna	0	0	0	0	0	0	0	0	0	0	0	0	0	0	0	0	0	0	0	0
GCF_000946855.1_2d11B_assembly_genomic.fna	0	0	0	0	0	0	0	0	0	0	0	0	0	0	0	0	0	0	0	0
GCF_000948625.1_ASM94862v1_genomic.fna	0	0	0	0	0	0	0	0	0	0	0	0	0	0	0	0	0	0	0	0
GCF_000948675.1_ASM94867v1_genomic.fna	0.011266	0.003157	0.003449	0.008918	0	0.006337	0.010596	0.008347	0	0.010975	0.012096	0.005177	0.011274	0.005015	0.003544	0.000891	0	0.009863	0.006116	0.0054
GCF_000948905.1_ASM94890v1_genomic.fna	0	0	0	0	0	0	0	0	0	0	0	0	0	0	0	0	0	0	0	0
GCF_000951855.1_FHI14_genomic.fna	0	0	0	0	0	0	0	0	0	0	0	0	0	0	0	0	0	0	0	0
GCF_000965555.1_ASM96555v1_genomic.fna	0	0	0	0	0	0	0	0	0	0	0	0	0	0	0	0	0	0	0	0
GCF_000971615.1_ASM97161v1_genomic.fna	0	0	0	0	0	0	0	0	0	0	0	0	0	0	0	0	0	0	0	0
GCF_001012175.1_CFSAN026787_02.0_genomic.fna	0	0	0	0	0	0	0	0	0	0	0	0	0	0	0	0	0	0	0	0
GCF_001012355.1_CFSAN026812_01.0_genomic.fna	0	0	0	0	0	0	0	0	0	0	0	0	0	0	0	0	0	0	0	0
GCF_001012495.1_CFSAN026835_01.0_genomic.fna	0	0	0	9.2e-05	0	0	0	0	0	0	0	0	0.005416	0.003446	0	0.001687	0	0	0	0
GCF_001012575.1_CFSAN026845_01.0_genomic.fna	0	0	0	0	0	0	0	0	0	0	0	0	0	0	0	0	0	0	0	0
GCF_001012585.1_CFSAN026774_02.0_genomic.fna	0	0	0	0	0	0	0	0	0	0	0	0	0	0	0	0	0	0	0	0
GCF_001029125.1_ASM102912v1_genomic.fna	0	0	0	0	0	0	0	0	0	0	0	0	0	0	0	0	0	0	0	0
GCF_001030245.1_Esch_coli_BWH49_V1_genomic.fna	0	0	0	0	0	0	0	0	0	0	0	0	0	0	0	0	0	0	0	0
GCF_001056895.1_ASM105689v1_genomic.fna	0	0	0	0	0	0	0	0	0	0	0	0	0	0	0	0	0	0	3.8e-05	0
GCF_001057385.1_ASM105738v1_genomic.fna	0	0	0	0	0	0	0	0	0	0	0	0	0	0	0	0	0	0	0	0
GCF_001059075.1_ASM105907v1_genomic.fna	0	0	0	0	0	0	0	0	0	0	0	0	0	0	0	0.00135	0.000124	0	0	0
GCF_001059375.1_ASM105937v1_genomic.fna	0	0	0	0	0	0	0	0	0	0	0	0	0	0	0	0	0	0	0	0
GCF_001077865.1_ASM107786v1_genomic.fna	0	0	0	0	0	0	0	0	0	0	0	0	0	0	0	0	0	0	0	0
GCF_001077955.1_ASM107795v1_genomic.fna	0	0	0	0	0	0	0	0	0	7e-05	0	0	0	0	0	0	0	0	0	0
